{"accuracy": [0.9478607773780823, 0.9743046164512634, 0.9769240617752075, 0.9763003587722778, 0.9779219031333923, 0.9774229526519775, 0.9771735072135925, 0.9769240617752075, 0.9775477051734924, 0.9780466556549072, 0.9780466556549072, 0.9765498042106628, 0.9775477051734924, 0.9775477051734924, 0.9786702990531921, 0.9784208536148071, 0.9782961010932922, 0.9775477051734924, 0.9774229526519775, 0.9789198040962219, 0.978795051574707, 0.9789198040962219, 0.978545606136322, 0.9792940020561218, 0.9784208536148071, 0.9780466556549072, 0.9789198040962219, 0.978795051574707, 0.9796682000160217, 0.978545606136322, 0.9781714081764221, 0.9794187545776367, 0.9784208536148071], "loss": [0.20857363939285278, 0.09301470220088959, 0.08731333911418915, 0.08536865562200546, 0.08139605820178986, 0.08515935391187668, 0.0827254056930542, 0.08258085697889328, 0.08232810348272324, 0.07971145957708359, 0.07979217916727066, 0.08135300874710083, 0.07979285717010498, 0.07889607548713684, 0.07680077105760574, 0.07781515270471573, 0.078091099858284, 0.07485823333263397, 0.0784698873758316, 0.07607268542051315, 0.07463895529508591, 0.07518331706523895, 0.0766189843416214, 0.07473266124725342, 0.07560400664806366, 0.076863132417202, 0.07570558786392212, 0.07411658763885498, 0.07445090264081955, 0.07527396827936172, 0.07279159128665924, 0.07380480319261551, 0.07350999861955643], "val_accuracy": [0.9755610823631287, 0.9770573377609253, 0.9770573377609253, 0.9785535931587219, 0.9785535931587219, 0.9785535931587219, 0.9785535931587219, 0.9780548810958862, 0.9795511364936829, 0.9780548810958862, 0.9790523648262024, 0.9790523648262024, 0.9780548810958862, 0.9790523648262024, 0.9800498485565186, 0.9800498485565186, 0.9790523648262024, 0.980548620223999, 0.980548620223999, 0.9795511364936829, 0.9800498485565186, 0.9800498485565186, 0.9790523648262024, 0.980548620223999, 0.9810473918914795, 0.980548620223999, 0.9790523648262024, 0.980548620223999, 0.9810473918914795, 0.9800498485565186, 0.9800498485565186, 0.9800498485565186, 0.980548620223999], "val_loss": [0.07763415575027466, 0.07483325153589249, 0.07085409015417099, 0.07132851332426071, 0.0708208829164505, 0.06756725907325745, 0.07132665812969208, 0.06771028786897659, 0.06884396076202393, 0.06798432767391205, 0.0660291537642479, 0.06619078665971756, 0.06701663881540298, 0.06647264212369919, 0.06756900995969772, 0.0649980828166008, 0.06509678810834885, 0.06656518578529358, 0.06570703536272049, 0.06486742943525314, 0.06809666007757187, 0.0640769749879837, 0.06489165127277374, 0.06374328583478928, 0.06327418982982635, 0.06462845206260681, 0.06454720348119736, 0.06262226402759552, 0.06601995974779129, 0.0634230524301529, 0.06469209492206573, 0.06326311081647873, 0.06544981896877289]}