{"accuracy": [0.9410004019737244, 0.9746788144111633, 0.9749282598495483, 0.9770487546920776, 0.9760509133338928, 0.9769240617752075, 0.9772982597351074, 0.9775477051734924, 0.9770487546920776, 0.9786702990531921, 0.9775477051734924, 0.9771735072135925, 0.9781714081764221, 0.9784208536148071, 0.9792940020561218, 0.9784208536148071], "loss": [0.20565064251422882, 0.09455865621566772, 0.09259727597236633, 0.08578856289386749, 0.08562663942575455, 0.08413471281528473, 0.08380638808012009, 0.0812305212020874, 0.08249030262231827, 0.07937179505825043, 0.08123407512903214, 0.07901238650083542, 0.07904885709285736, 0.07893961668014526, 0.07988754659891129, 0.07855299860239029], "val_accuracy": [0.9760598540306091, 0.9780548810958862, 0.9765586256980896, 0.9775561094284058, 0.9780548810958862, 0.9785535931587219, 0.9780548810958862, 0.9800498485565186, 0.9790523648262024, 0.9790523648262024, 0.9800498485565186, 0.9790523648262024, 0.9790523648262024, 0.980548620223999, 0.9800498485565186, 0.98154616355896], "val_loss": [0.07773308455944061, 0.07332561165094376, 0.07072603702545166, 0.06916031986474991, 0.06663606315851212, 0.06566163152456284, 0.06692562997341156, 0.06673011183738708, 0.06561287492513657, 0.065918929874897, 0.06412698328495026, 0.06613166630268097, 0.06691945344209671, 0.06471209973096848, 0.06527641415596008, 0.0643073096871376]}