{"confusion_matrix": [[2262, 13], [32, 199]], "classification_report": {"0.0": {"precision": 0.986050566695728, "recall": 0.9942857142857143, "f1-score": 0.990151017728168, "support": 2275.0}, "1.0": {"precision": 0.9386792452830188, "recall": 0.8614718614718615, "f1-score": 0.8984198645598194, "support": 231.0}, "accuracy": 0.9820430965682362, "macro avg": {"precision": 0.9623649059893734, "recall": 0.927878787878788, "f1-score": 0.9442854411439937, "support": 2506.0}, "weighted avg": {"precision": 0.9816839365096403, "recall": 0.9820430965682362, "f1-score": 0.9816953527713091, "support": 2506.0}}}