{"confusion_matrix": [[2264, 11], [33, 198]], "classification_report": {"0.0": {"precision": 0.9856334349151067, "recall": 0.9951648351648351, "f1-score": 0.9903762029746281, "support": 2275.0}, "1.0": {"precision": 0.9473684210526315, "recall": 0.8571428571428571, "f1-score": 0.9, "support": 231.0}, "accuracy": 0.9824421388667198, "macro avg": {"precision": 0.9665009279838691, "recall": 0.9261538461538461, "f1-score": 0.945188101487314, "support": 2506.0}, "weighted avg": {"precision": 0.9821062129668897, "recall": 0.9824421388667198, "f1-score": 0.9820454356613244, "support": 2506.0}}}