{"accuracy": [0.9493576288223267, 0.9750530123710632, 0.9765498042106628, 0.9764251112937927, 0.9767993092536926, 0.9769240617752075, 0.9777972102165222, 0.9769240617752075, 0.9786702990531921, 0.9772982597351074, 0.9772982597351074, 0.9765498042106628, 0.9776724576950073, 0.9789198040962219, 0.9772982597351074, 0.9782961010932922, 0.9782961010932922, 0.9784208536148071, 0.978545606136322, 0.9782961010932922, 0.9780466556549072, 0.9782961010932922, 0.9775477051734924, 0.9791692495346069, 0.978795051574707, 0.9784208536148071, 0.9781714081764221, 0.978545606136322, 0.978545606136322, 0.978545606136322, 0.9792940020561218, 0.9794187545776367, 0.9779219031333923, 0.9789198040962219, 0.9792940020561218, 0.9779219031333923], "loss": [0.17781022191047668, 0.09106241911649704, 0.0871041789650917, 0.08567027747631073, 0.08246104419231415, 0.0844147801399231, 0.080508753657341, 0.08109227567911148, 0.0819362998008728, 0.0813840702176094, 0.0802193358540535, 0.08053778856992722, 0.07756935805082321, 0.07706813514232635, 0.08018598705530167, 0.07891585677862167, 0.07638096809387207, 0.07846143841743469, 0.07696688175201416, 0.08005139976739883, 0.07587500661611557, 0.07664994895458221, 0.07521200180053711, 0.07595835626125336, 0.07577983289957047, 0.07513085007667542, 0.07661744952201843, 0.07562956213951111, 0.0754537433385849, 0.07495081424713135, 0.07574952393770218, 0.07416842877864838, 0.07487951219081879, 0.07318590581417084, 0.07396749407052994, 0.07351855933666229], "val_accuracy": [0.9760598540306091, 0.9765586256980896, 0.9770573377609253, 0.9780548810958862, 0.9775561094284058, 0.9775561094284058, 0.9780548810958862, 0.9785535931587219, 0.9780548810958862, 0.9785535931587219, 0.9785535931587219, 0.9785535931587219, 0.9780548810958862, 0.9780548810958862, 0.9775561094284058, 0.9800498485565186, 0.9780548810958862, 0.9775561094284058, 0.9790523648262024, 0.9795511364936829, 0.9795511364936829, 0.9800498485565186, 0.9795511364936829, 0.9800498485565186, 0.9800498485565186, 0.9795511364936829, 0.9795511364936829, 0.9795511364936829, 0.980548620223999, 0.9810473918914795, 0.9775561094284058, 0.9800498485565186, 0.9795511364936829, 0.9800498485565186, 0.9800498485565186, 0.9795511364936829], "val_loss": [0.07410115003585815, 0.07061543315649033, 0.06943012028932571, 0.0714346393942833, 0.06887178122997284, 0.06873801350593567, 0.07035863399505615, 0.06883441656827927, 0.06778976321220398, 0.06869498640298843, 0.06900104135274887, 0.0663689374923706, 0.06507611274719238, 0.0654383972287178, 0.06638060510158539, 0.06773798167705536, 0.06695795804262161, 0.06502509862184525, 0.0644511878490448, 0.06489084661006927, 0.06381921470165253, 0.06555186212062836, 0.06570439785718918, 0.06476572901010513, 0.06362210214138031, 0.06437244266271591, 0.06428860127925873, 0.06526496261358261, 0.06154276058077812, 0.06445582956075668, 0.060931432992219925, 0.0629458874464035, 0.06292423605918884, 0.06369022279977798, 0.06461896747350693, 0.06514628976583481]}