{"accuracy": [0.9497318267822266, 0.9750530123710632, 0.9761756062507629, 0.9764251112937927, 0.9765498042106628, 0.9761756062507629, 0.9771735072135925, 0.9776724576950073, 0.9776724576950073, 0.9775477051734924, 0.9777972102165222, 0.9775477051734924, 0.9760509133338928, 0.978545606136322, 0.9790445566177368, 0.9784208536148071, 0.9795434474945068, 0.9779219031333923, 0.9780466556549072, 0.9782961010932922, 0.9776724576950073, 0.9782961010932922, 0.9781714081764221, 0.9782961010932922, 0.978545606136322, 0.9784208536148071, 0.9770487546920776, 0.978545606136322, 0.9789198040962219, 0.9786702990531921, 0.9775477051734924], "loss": [0.18112961947917938, 0.09528862684965134, 0.08818566054105759, 0.0839296355843544, 0.0845360979437828, 0.08266840875148773, 0.08441482484340668, 0.08162948489189148, 0.08030451089143753, 0.07917658984661102, 0.07973691821098328, 0.07937893271446228, 0.08052747696638107, 0.07719922065734863, 0.0766708105802536, 0.07745493948459625, 0.07719159126281738, 0.07788270711898804, 0.07682669907808304, 0.0778208076953888, 0.07576831430196762, 0.0775885283946991, 0.07866335660219193, 0.07772805541753769, 0.07505009323358536, 0.07501007616519928, 0.07533492892980576, 0.07349442690610886, 0.07763440161943436, 0.07625778764486313, 0.07524944096803665], "val_accuracy": [0.9755610823631287, 0.9755610823631287, 0.9790523648262024, 0.9775561094284058, 0.9775561094284058, 0.9785535931587219, 0.9795511364936829, 0.9790523648262024, 0.9790523648262024, 0.9790523648262024, 0.9780548810958862, 0.9790523648262024, 0.9785535931587219, 0.9795511364936829, 0.9790523648262024, 0.9795511364936829, 0.980548620223999, 0.980548620223999, 0.9785535931587219, 0.9790523648262024, 0.9800498485565186, 0.9800498485565186, 0.980548620223999, 0.9800498485565186, 0.9800498485565186, 0.980548620223999, 0.980548620223999, 0.9790523648262024, 0.9800498485565186, 0.9795511364936829, 0.9810473918914795], "val_loss": [0.0746435672044754, 0.08049865812063217, 0.07206136733293533, 0.07198581099510193, 0.07485271990299225, 0.07114294171333313, 0.070037342607975, 0.06981208175420761, 0.06837059557437897, 0.06980262696743011, 0.06873992085456848, 0.06687002629041672, 0.06855219602584839, 0.06821853667497635, 0.06792516261339188, 0.06861196458339691, 0.06540107727050781, 0.06761658936738968, 0.06612900644540787, 0.06947895884513855, 0.0650753527879715, 0.06942625343799591, 0.06634470075368881, 0.06462971866130829, 0.0652703195810318, 0.0643932968378067, 0.064560167491436, 0.06665308773517609, 0.06503922492265701, 0.06546062976121902, 0.06462400406599045]}