{"accuracy": [0.951103925704956, 0.9748035669326782, 0.9745540618896484, 0.9763003587722778, 0.9770487546920776, 0.9766745567321777, 0.9779219031333923, 0.9776724576950073, 0.9769240617752075, 0.9782961010932922, 0.9775477051734924, 0.9786702990531921, 0.9789198040962219, 0.9780466556549072, 0.9775477051734924], "loss": [0.1938806027173996, 0.09305918216705322, 0.09011205285787582, 0.08360128104686737, 0.08407523483037949, 0.08264898508787155, 0.08006884902715683, 0.08178097754716873, 0.08132731169462204, 0.07746478170156479, 0.07725980877876282, 0.0783722996711731, 0.0780579000711441, 0.08052053302526474, 0.07809442281723022], "val_accuracy": [0.9765586256980896, 0.9770573377609253, 0.9790523648262024, 0.9780548810958862, 0.9775561094284058, 0.9785535931587219, 0.9790523648262024, 0.9790523648262024, 0.9785535931587219, 0.9790523648262024, 0.9795511364936829, 0.9790523648262024, 0.9795511364936829, 0.9790523648262024, 0.9800498485565186], "val_loss": [0.07734352350234985, 0.07392553240060806, 0.07179111987352371, 0.07010234147310257, 0.07258576154708862, 0.06911183148622513, 0.06781034171581268, 0.06984677165746689, 0.06797244399785995, 0.0658259317278862, 0.06764411926269531, 0.06869300454854965, 0.06729374825954437, 0.06725551187992096, 0.06726409494876862]}