{"accuracy": [0.9587127566337585, 0.9749282598495483, 0.9759261608123779, 0.9749282598495483, 0.9760509133338928, 0.9772982597351074, 0.9771735072135925, 0.9780466556549072, 0.9766745567321777, 0.9767993092536926, 0.9770487546920776, 0.978545606136322, 0.9770487546920776, 0.9786702990531921, 0.9777972102165222, 0.9784208536148071, 0.9786702990531921], "loss": [0.16561360657215118, 0.09222470968961716, 0.08790057897567749, 0.0848374292254448, 0.08556126058101654, 0.08199863135814667, 0.08001983165740967, 0.07971572130918503, 0.08073035627603531, 0.0798516571521759, 0.08033430576324463, 0.07818501442670822, 0.07758907228708267, 0.07686392962932587, 0.07701952755451202, 0.07467291504144669, 0.07827428728342056], "val_accuracy": [0.9770573377609253, 0.9775561094284058, 0.9775561094284058, 0.9780548810958862, 0.9785535931587219, 0.9790523648262024, 0.9780548810958862, 0.9780548810958862, 0.9775561094284058, 0.9795511364936829, 0.9790523648262024, 0.9790523648262024, 0.9795511364936829, 0.9785535931587219, 0.9800498485565186, 0.9790523648262024, 0.9795511364936829], "val_loss": [0.07342689484357834, 0.0710848942399025, 0.06988837569952011, 0.069607213139534, 0.0685434490442276, 0.06920405477285385, 0.06837883591651917, 0.06602965295314789, 0.06684031337499619, 0.06985452771186829, 0.06618752330541611, 0.06408990919589996, 0.06578369438648224, 0.06430210173130035, 0.06814451515674591, 0.06786435842514038, 0.06468817591667175]}