{"confusion_matrix": [[2264, 11], [38, 193]], "classification_report": {"0.0": {"precision": 0.9834926151172894, "recall": 0.9951648351648351, "f1-score": 0.9892942975748307, "support": 2275.0}, "1.0": {"precision": 0.946078431372549, "recall": 0.8354978354978355, "f1-score": 0.8873563218390804, "support": 231.0}, "accuracy": 0.9804469273743017, "macro avg": {"precision": 0.9647855232449192, "recall": 0.9153313353313353, "f1-score": 0.9383253097069555, "support": 2506.0}, "weighted avg": {"precision": 0.9800438216436123, "recall": 0.9804469273743017, "f1-score": 0.9798977802584068, "support": 2506.0}}}