{"confusion_matrix": [[2265, 10], [34, 197]], "classification_report": {"0.0": {"precision": 0.9852109612875163, "recall": 0.9956043956043956, "f1-score": 0.9903804110188019, "support": 2275.0}, "1.0": {"precision": 0.9516908212560387, "recall": 0.8528138528138528, "f1-score": 0.8995433789954338, "support": 231.0}, "accuracy": 0.9824421388667198, "macro avg": {"precision": 0.9684508912717775, "recall": 0.9242091242091242, "f1-score": 0.9449618950071179, "support": 2506.0}, "weighted avg": {"precision": 0.9821211159773522, "recall": 0.9824421388667198, "f1-score": 0.9820071650501674, "support": 2506.0}}}