{"accuracy": [0.8669078350067139, 0.9756767153739929, 0.975551962852478, 0.9761756062507629, 0.9760509133338928, 0.9772982597351074, 0.9764251112937927, 0.9771735072135925, 0.9769240617752075], "loss": [0.30830955505371094, 0.09323175996541977, 0.09052330255508423, 0.08738093823194504, 0.08557421714067459, 0.0832633376121521, 0.08382962644100189, 0.08096642047166824, 0.08041009306907654], "val_accuracy": [0.9745635986328125, 0.9780548810958862, 0.9780548810958862, 0.9780548810958862, 0.9790523648262024, 0.9775561094284058, 0.9795511364936829, 0.9785535931587219, 0.9795511364936829], "val_loss": [0.0827687531709671, 0.07164347916841507, 0.07114260643720627, 0.06801419705152512, 0.06932459771633148, 0.07050327956676483, 0.06879670917987823, 0.0695870891213417, 0.07193594425916672]}