{"confusion_matrix": [[2245, 30], [31, 200]], "classification_report": {"0.0": {"precision": 0.9863796133567663, "recall": 0.9868131868131869, "f1-score": 0.986596352450011, "support": 2275.0}, "1.0": {"precision": 0.8695652173913043, "recall": 0.8658008658008658, "f1-score": 0.8676789587852495, "support": 231.0}, "accuracy": 0.975658419792498, "macro avg": {"precision": 0.9279724153740353, "recall": 0.9263070263070263, "f1-score": 0.9271376556176303, "support": 2506.0}, "weighted avg": {"precision": 0.975611805907436, "recall": 0.975658419792498, "f1-score": 0.9756346932574492, "support": 2506.0}}}