{"confusion_matrix": [[2156, 119], [54, 177]], "classification_report": {"0.0": {"precision": 0.9755656108597285, "recall": 0.9476923076923077, "f1-score": 0.9614269788182832, "support": 2275.0}, "1.0": {"precision": 0.597972972972973, "recall": 0.7662337662337663, "f1-score": 0.6717267552182163, "support": 231.0}, "accuracy": 0.9309656823623305, "macro avg": {"precision": 0.7867692919163507, "recall": 0.856963036963037, "f1-score": 0.8165768670182498, "support": 2506.0}, "weighted avg": {"precision": 0.9407595855796644, "recall": 0.9309656823623305, "f1-score": 0.9347227682629697, "support": 2506.0}}}