{"loss_curve": [0.8370867043964566, 0.7664032279458838, 0.7080224878356506, 0.6591753127239954, 0.6178432216021604, 0.5827339091975748, 0.5522104375682244, 0.5254002366241642, 0.501320540421235, 0.47948465358383213, 0.45972415329741806, 0.4417186350503096, 0.4251363561005206, 0.4098201597574097, 0.39566070383635915, 0.3823446292533407, 0.36996003711453923, 0.358402570141363, 0.34755894539970833, 0.33737518388662807, 0.32773832152875637, 0.31862788612907994, 0.3099175467532827, 0.30167664430609653, 0.29384945951703884, 0.28632834545173197, 0.2791829823630723, 0.27235108043722045, 0.26584211127843815, 0.2595889238353526, 0.2535800647828476, 0.2477499783471929, 0.2422010781655989, 0.23681823210858413, 0.23167852903936734, 0.22674754147432485, 0.2219261349417811, 0.21728507239489694, 0.21278125575206985, 0.20850237834836008, 0.20431117830692985, 0.2003091541849346, 0.19644251955333186, 0.19272460592823867, 0.18913717411778688, 0.18565650879526305, 0.18228627523479302, 0.17905216378907995, 0.17593871316094262, 0.1729455584500428], "validation_scores": [0.4239401496259352, 0.4907730673316708, 0.5511221945137157, 0.6149625935162095, 0.6708229426433915, 0.7102244389027431, 0.7581047381546134, 0.7955112219451371, 0.8259351620947631, 0.8458852867830424, 0.8703241895261845, 0.884788029925187, 0.8952618453865336, 0.9027431421446384, 0.912718204488778, 0.9197007481296758, 0.9231920199501247, 0.9276807980049875, 0.9311720698254364, 0.9331670822942644, 0.9361596009975063, 0.940149625935162, 0.94214463840399, 0.944638403990025, 0.9461346633416459, 0.9481296758104738, 0.9506234413965087, 0.9511221945137157, 0.9526184538653366, 0.9536159600997506, 0.9566084788029925, 0.9581047381546135, 0.9586034912718204, 0.9605985037406484, 0.9615960099750623, 0.9630922693266832, 0.9650872817955112, 0.9650872817955112, 0.9665835411471322, 0.9665835411471322, 0.9665835411471322, 0.9665835411471322, 0.9680798004987531, 0.969077306733167, 0.970074812967581, 0.970074812967581, 0.970074812967581, 0.970074812967581, 0.9705735660847881, 0.9705735660847881]}