{"confusion_matrix": [[2262, 13], [35, 196]], "classification_report": {"0.0": {"precision": 0.9847627340008707, "recall": 0.9942857142857143, "f1-score": 0.989501312335958, "support": 2275.0}, "1.0": {"precision": 0.937799043062201, "recall": 0.8484848484848485, "f1-score": 0.8909090909090909, "support": 231.0}, "accuracy": 0.9808459696727854, "macro avg": {"precision": 0.9612808885315358, "recall": 0.9213852813852814, "f1-score": 0.9402052016225244, "support": 2506.0}, "weighted avg": {"precision": 0.9804336786908815, "recall": 0.9808459696727854, "f1-score": 0.9804132025396267, "support": 2506.0}}}