{"loss_curve": [0.6933952451216401, 0.6368745670302052, 0.5797842855909581, 0.5245048556941629, 0.4728383345457332, 0.4256041286069352, 0.3834957498417249, 0.34710034587759153, 0.3162527674900713, 0.28999129621057923, 0.26752974225959175, 0.24804514915672057, 0.23122847610516875, 0.21652224489804575, 0.20399280266890735, 0.19311879597113704], "validation_scores": [0.43690773067331673, 0.6244389027431422, 0.7605985037406484, 0.827930174563591, 0.8618453865336658, 0.884788029925187, 0.9012468827930175, 0.9122194513715711, 0.9211970074812967, 0.9306733167082294, 0.9082294264339152, 0.9082294264339152, 0.9082294264339152, 0.9082294264339152, 0.9082294264339152, 0.9082294264339152]}