{"loss_curve": [0.746158189870048, 0.683912120426572, 0.6346448556578701, 0.594525024428623, 0.5611271056075237, 0.5327680585308658, 0.507959740767089, 0.4859369371967589, 0.4659389321732906, 0.44762157328954133, 0.43089387853924527, 0.415511914559906, 0.40123644526158914, 0.387956463296778, 0.3755431658214458, 0.36384876180405323, 0.35286224317424136, 0.342494432021234, 0.33271710082182193, 0.32347213432298144, 0.3146541567619131, 0.306262701828557, 0.2981934677909988, 0.2904993262294011, 0.2831531030970026, 0.27607518732855574, 0.26931598727750944, 0.2628227064459358, 0.25663064751642334, 0.25065930450645224, 0.24489834628545573, 0.23931179936432143, 0.23396961865367477, 0.22879366530425177, 0.223826429044633, 0.2190805002449209, 0.21442033939965194, 0.20995915303463936, 0.2056222950443842, 0.20149298414324077, 0.1974660104225713, 0.19362208224354127, 0.18990915685251963, 0.18633861390775902, 0.182902760246048, 0.17957533966697847, 0.17634670989456616, 0.1732544079120553, 0.1702788160910399, 0.1674191297952382, 0.1646123900334447, 0.16190036834312993, 0.15930266927012465, 0.15677264476778552, 0.1543421113981075, 0.15200389354907448, 0.14969434741706644, 0.14749645594995728, 0.14537957190985074, 0.14335457451613234, 0.1414019613324897, 0.1395164505055374, 0.1376264369002594, 0.13587991134489574, 0.1341384373474586, 0.13247495494997666, 0.1308647865756172, 0.12929825500339004], "validation_scores": [0.4743142144638404, 0.5855361596009975, 0.686284289276808, 0.7630922693266833, 0.8219451371571073, 0.8518703241895261, 0.8783042394014963, 0.8947630922693267, 0.9072319201995013, 0.9107231920199501, 0.914214463840399, 0.9177057356608479, 0.9226932668329177, 0.9256857855361597, 0.9281795511221945, 0.9301745635910225, 0.9331670822942644, 0.9366583541147132, 0.941147132169576, 0.943142144638404, 0.9456359102244389, 0.9466334164588529, 0.9481296758104738, 0.9491271820448878, 0.9511221945137157, 0.9531172069825437, 0.9546134663341646, 0.9556109725685785, 0.9566084788029925, 0.9576059850374065, 0.9586034912718204, 0.9615960099750623, 0.9625935162094763, 0.9635910224438903, 0.9650872817955112, 0.9665835411471322, 0.9665835411471322, 0.9660847880299251, 0.9675810473815462, 0.9680798004987531, 0.9695760598503741, 0.970074812967581, 0.9705735660847881, 0.9705735660847881, 0.972568578553616, 0.9730673316708229, 0.9730673316708229, 0.97356608478803, 0.97356608478803, 0.9730673316708229, 0.97356608478803, 0.97356608478803, 0.9740648379052369, 0.9740648379052369, 0.9740648379052369, 0.9745635910224439, 0.9745635910224439, 0.9745635910224439, 0.9755610972568578, 0.9750623441396509, 0.9750623441396509, 0.9760598503740648, 0.9760598503740648, 0.9760598503740648, 0.9760598503740648, 0.9760598503740648, 0.9760598503740648, 0.9760598503740648]}