{"loss_curve": [0.7435170078715898, 0.5712220295981304, 0.44449961195741006, 0.3542789102700576, 0.29036357257244877, 0.2446899200094094, 0.21157035733864477, 0.18712931184644027, 0.1689652608649548, 0.15518728038799678, 0.1446149847751884, 0.1363578566325035, 0.12978808379254017, 0.12433413506058767, 0.11975212460461465, 0.11567454997773857, 0.11176640484379502, 0.108072350409524, 0.10479389446612455, 0.10222811374698382, 0.09960278106611946, 0.0973265250142698, 0.09522162690945651, 0.09317850674378449, 0.09127203847545677, 0.08972905916258395, 0.08843731237810891, 0.08722137056232553, 0.08621227422451092, 0.08537008628743643, 0.08468184772323821, 0.08399588804349804, 0.083336838407374, 0.0827191582307511, 0.08216375136566768, 0.08171681796996515, 0.08130702445325151, 0.08085053619532104, 0.08053397090638877, 0.08020225295102394], "validation_scores": [0.7326683291770574, 0.8364089775561098, 0.8788029925187032, 0.8982543640897755, 0.9112219451371572, 0.9187032418952619, 0.9221945137157107, 0.9236907730673317, 0.9261845386533666, 0.9301745635910225, 0.9331670822942644, 0.9351620947630923, 0.9371571072319203, 0.941147132169576, 0.944638403990025, 0.9506234413965087, 0.9521197007481297, 0.9551122194513716, 0.9596009975062344, 0.9615960099750623, 0.9640897755610972, 0.9655860349127182, 0.9665835411471322, 0.9675810473815462, 0.970074812967581, 0.9705735660847881, 0.971072319201995, 0.9730673316708229, 0.9740648379052369, 0.9740648379052369, 0.9740648379052369, 0.9740648379052369, 0.9745635910224439, 0.9750623441396509, 0.9750623441396509, 0.9750623441396509, 0.9750623441396509, 0.9750623441396509, 0.9750623441396509, 0.9750623441396509]}