{"accuracy": [0.921042799949646, 0.975801408290863, 0.9759261608123779, 0.9765498042106628, 0.9772982597351074, 0.9767993092536926, 0.9775477051734924, 0.9774229526519775, 0.9781714081764221, 0.9775477051734924, 0.9772982597351074, 0.9782961010932922, 0.9777972102165222, 0.9779219031333923, 0.9777972102165222, 0.9776724576950073, 0.978795051574707, 0.9776724576950073, 0.9774229526519775, 0.9784208536148071, 0.9776724576950073, 0.9784208536148071, 0.9779219031333923, 0.978795051574707, 0.978545606136322, 0.9782961010932922, 0.978795051574707, 0.9789198040962219, 0.978545606136322, 0.978795051574707, 0.9790445566177368, 0.978795051574707, 0.978795051574707, 0.9791692495346069, 0.978545606136322, 0.9784208536148071, 0.9792940020561218, 0.9792940020561218, 0.9792940020561218, 0.9792940020561218, 0.9792940020561218, 0.9789198040962219, 0.9789198040962219, 0.9792940020561218, 0.978795051574707, 0.9789198040962219, 0.9794187545776367, 0.9791692495346069, 0.9789198040962219, 0.9800423979759216], "loss": [0.2760617136955261, 0.09703101217746735, 0.08437318354845047, 0.08117670565843582, 0.0797443762421608, 0.07879523932933807, 0.07811041921377182, 0.077715665102005, 0.0770082026720047, 0.0766456127166748, 0.07653500139713287, 0.07608023285865784, 0.07574828714132309, 0.07553356140851974, 0.07524190098047256, 0.075005441904068, 0.07480000704526901, 0.07452255487442017, 0.0744936615228653, 0.07417202740907669, 0.07421272993087769, 0.07393712550401688, 0.07375244796276093, 0.07360216975212097, 0.07351863384246826, 0.07339594513177872, 0.0734049379825592, 0.07307964563369751, 0.07328931242227554, 0.07286058366298676, 0.07299285382032394, 0.07269429415464401, 0.07249760627746582, 0.0725686177611351, 0.072302907705307, 0.07247042655944824, 0.07240589708089828, 0.07206461578607559, 0.07199632376432419, 0.072089783847332, 0.07170426845550537, 0.07157605141401291, 0.07164209336042404, 0.07146186381578445, 0.07137316465377808, 0.07127770781517029, 0.07121887803077698, 0.07108727097511292, 0.07137811183929443, 0.07092376053333282], "val_accuracy": [0.974064826965332, 0.9735660552978516, 0.9755610823631287, 0.9760598540306091, 0.9765586256980896, 0.9770573377609253, 0.9775561094284058, 0.9775561094284058, 0.9775561094284058, 0.9785535931587219, 0.9775561094284058, 0.9780548810958862, 0.9780548810958862, 0.9780548810958862, 0.9775561094284058, 0.9780548810958862, 0.9790523648262024, 0.9775561094284058, 0.9780548810958862, 0.9780548810958862, 0.9785535931587219, 0.9770573377609253, 0.9795511364936829, 0.9780548810958862, 0.9775561094284058, 0.9795511364936829, 0.9775561094284058, 0.9795511364936829, 0.9790523648262024, 0.9785535931587219, 0.9780548810958862, 0.9790523648262024, 0.9790523648262024, 0.9790523648262024, 0.9790523648262024, 0.9790523648262024, 0.9795511364936829, 0.9785535931587219, 0.9790523648262024, 0.9795511364936829, 0.9790523648262024, 0.9790523648262024, 0.9795511364936829, 0.9795511364936829, 0.9800498485565186, 0.9800498485565186, 0.9795511364936829, 0.9790523648262024, 0.9790523648262024, 0.9800498485565186], "val_loss": [0.11440606415271759, 0.08249347656965256, 0.07843944430351257, 0.07718515396118164, 0.07595198601484299, 0.07460550963878632, 0.07454600930213928, 0.0747707337141037, 0.07397735863924026, 0.07275888323783875, 0.07207948714494705, 0.07260794937610626, 0.07333207875490189, 0.07161236554384232, 0.07127711921930313, 0.0711793527007103, 0.0713081806898117, 0.07079155743122101, 0.07076448202133179, 0.0699801966547966, 0.0701507031917572, 0.07153207808732986, 0.06994307041168213, 0.07051216810941696, 0.07006680220365524, 0.06926117837429047, 0.06944805383682251, 0.0695996880531311, 0.0691516250371933, 0.069617360830307, 0.06906495988368988, 0.06872881203889847, 0.06862188130617142, 0.0682414174079895, 0.06842979788780212, 0.06937077641487122, 0.06819137930870056, 0.0683039054274559, 0.06818143278360367, 0.06960590183734894, 0.06871086359024048, 0.06776438653469086, 0.06845120340585709, 0.0676073282957077, 0.06873439997434616, 0.06747451424598694, 0.06849726289510727, 0.06804688274860382, 0.06806472688913345, 0.06845783442258835]}