{"accuracy": [0.9301484227180481, 0.9743046164512634, 0.9751777648925781, 0.9759261608123779, 0.9772982597351074, 0.9769240617752075, 0.9770487546920776, 0.9770487546920776, 0.9781714081764221, 0.9774229526519775, 0.978545606136322, 0.9776724576950073, 0.9780466556549072, 0.9780466556549072, 0.9780466556549072, 0.9780466556549072, 0.9781714081764221, 0.978545606136322, 0.9790445566177368, 0.978795051574707, 0.9782961010932922, 0.9789198040962219, 0.9784208536148071, 0.978795051574707, 0.9789198040962219, 0.978795051574707, 0.9781714081764221, 0.9789198040962219, 0.9789198040962219, 0.9792940020561218, 0.9786702990531921, 0.9786702990531921, 0.9791692495346069, 0.9791692495346069, 0.978795051574707], "loss": [0.3126997947692871, 0.09989730268716812, 0.08436330407857895, 0.08069595694541931, 0.07914890348911285, 0.07828277349472046, 0.07764818519353867, 0.07704939693212509, 0.07658514380455017, 0.07630041986703873, 0.07584092020988464, 0.07578778266906738, 0.07553034275770187, 0.07531138509511948, 0.07508329302072525, 0.074642114341259, 0.07463494688272476, 0.07444553077220917, 0.07440761476755142, 0.07412233203649521, 0.07393281161785126, 0.07376347482204437, 0.07342677563428879, 0.07342506945133209, 0.0734625980257988, 0.0733020082116127, 0.07322239875793457, 0.07304078340530396, 0.07292596995830536, 0.07249796390533447, 0.07281944155693054, 0.0725613459944725, 0.0722934901714325, 0.07236864417791367, 0.07222859561443329], "val_accuracy": [0.9730673432350159, 0.975062370300293, 0.975062370300293, 0.9755610823631287, 0.9760598540306091, 0.9770573377609253, 0.9765586256980896, 0.9765586256980896, 0.9785535931587219, 0.9770573377609253, 0.9775561094284058, 0.9770573377609253, 0.9775561094284058, 0.9780548810958862, 0.9780548810958862, 0.9775561094284058, 0.9780548810958862, 0.9775561094284058, 0.9775561094284058, 0.9775561094284058, 0.9785535931587219, 0.9780548810958862, 0.9785535931587219, 0.9785535931587219, 0.9780548810958862, 0.9790523648262024, 0.9790523648262024, 0.9790523648262024, 0.9785535931587219, 0.9785535931587219, 0.9785535931587219, 0.9790523648262024, 0.9780548810958862, 0.9785535931587219, 0.9790523648262024], "val_loss": [0.12124477326869965, 0.08202953636646271, 0.0776226744055748, 0.07555842399597168, 0.0745919719338417, 0.07470647245645523, 0.07411924004554749, 0.07364659756422043, 0.07346510887145996, 0.07329968363046646, 0.07245468348264694, 0.07135636359453201, 0.07219640165567398, 0.07261454313993454, 0.07288318127393723, 0.07184144854545593, 0.0711442157626152, 0.07150591909885406, 0.07156948745250702, 0.07032300531864166, 0.07050236314535141, 0.07030282914638519, 0.07121846824884415, 0.06967512518167496, 0.06995212286710739, 0.06994723528623581, 0.06960991770029068, 0.06990717351436615, 0.06909498572349548, 0.06840911507606506, 0.06853819638490677, 0.06955308467149734, 0.06871543824672699, 0.06932321190834045, 0.06905718892812729]}