{"confusion_matrix": [[2266, 9], [34, 197]], "classification_report": {"0.0": {"precision": 0.9852173913043478, "recall": 0.996043956043956, "f1-score": 0.9906010928961748, "support": 2275.0}, "1.0": {"precision": 0.9563106796116505, "recall": 0.8528138528138528, "f1-score": 0.9016018306636155, "support": 231.0}, "accuracy": 0.9828411811652035, "macro avg": {"precision": 0.9707640354579992, "recall": 0.9244289044289045, "f1-score": 0.9461014617798952, "support": 2506.0}, "weighted avg": {"precision": 0.9825528061483172, "recall": 0.9828411811652035, "f1-score": 0.9823972502881456, "support": 2506.0}}}