{"confusion_matrix": [[2266, 9], [35, 196]], "classification_report": {"0.0": {"precision": 0.9847892220773576, "recall": 0.996043956043956, "f1-score": 0.9903846153846154, "support": 2275.0}, "1.0": {"precision": 0.9560975609756097, "recall": 0.8484848484848485, "f1-score": 0.8990825688073395, "support": 231.0}, "accuracy": 0.9824421388667198, "macro avg": {"precision": 0.9704433915264836, "recall": 0.9222644022644022, "f1-score": 0.9447335920959774, "support": 2506.0}, "weighted avg": {"precision": 0.9821444600204927, "recall": 0.9824421388667198, "f1-score": 0.9819685049459279, "support": 2506.0}}}