{"confusion_matrix": [[2266, 9], [44, 187]], "classification_report": {"0.0": {"precision": 0.9809523809523809, "recall": 0.996043956043956, "f1-score": 0.9884405670665213, "support": 2275.0}, "1.0": {"precision": 0.9540816326530612, "recall": 0.8095238095238095, "f1-score": 0.8758782201405152, "support": 231.0}, "accuracy": 0.9788507581803672, "macro avg": {"precision": 0.967517006802721, "recall": 0.9027838827838828, "f1-score": 0.9321593936035182, "support": 2506.0}, "weighted avg": {"precision": 0.9784754683996504, "recall": 0.9788507581803672, "f1-score": 0.9780647082716659, "support": 2506.0}}}